{"total_revenue": 12687651.93, "total_profit": 3878496.6200000006, "total_quantity": 282416, "avg_revenue_per_order": 89.82090495911649, "avg_profit_per_order": 27.457411206682952}