{"total_revenue": 896403141.5, "total_profit": 269079114.1451473, "total_quantity": 22374319, "avg_revenue_per_order": 80.11585311465822, "avg_profit_per_order": 24.048892498303427}